Instance,Terminal,Layer,X location,Y location,Voltage
FILLER_0_30_241,VGND,li1,116.6100,92.4800,0.000008
FILLER_0_30_237,VGND,li1,115.4600,92.4800,0.000008
FILLER_0_30_225,VGND,li1,111.7800,92.4800,0.000008
FILLER_0_30_221,VGND,li1,107.8700,92.4800,0.000008
FILLER_0_30_209,VGND,li1,104.4200,92.4800,0.000008
FILLER_0_30_197,VGND,li1,98.9000,92.4800,0.000008
FILLER_0_30_193,VGND,li1,94.9900,92.4800,0.000008
FILLER_0_30_181,VGND,li1,91.5400,92.4800,0.000008
FILLER_0_30_174,VGND,li1,86.4800,92.4800,0.000008
FILLER_0_30_169,VGND,li1,83.7200,92.4800,0.000008
FILLER_0_30_167,VGND,li1,82.5700,92.4800,0.000008
FILLER_0_30_160,VGND,li1,80.0400,92.4800,0.000007
FILLER_0_30_153,VGND,li1,76.8200,92.4800,0.000007
FILLER_0_30_146,VGND,li1,73.6000,92.4800,0.000007
FILLER_0_30_141,VGND,li1,70.8400,92.4800,0.000007
FILLER_0_30_139,VGND,li1,69.6900,92.4800,0.000007
FILLER_0_30_132,VGND,li1,67.1600,92.4800,0.000007
FILLER_0_30_126,VGND,li1,64.1700,92.4800,0.000007
FILLER_0_30_118,VGND,li1,61.6400,92.4800,0.000006
FILLER_0_30_113,VGND,li1,57.9600,92.4800,0.000006
FILLER_0_30_111,VGND,li1,56.8100,92.4800,0.000006
FILLER_0_30_104,VGND,li1,54.2800,92.4800,0.000005
FILLER_0_30_97,VGND,li1,51.0600,92.4800,0.000005
FILLER_0_30_90,VGND,li1,47.8400,92.4800,0.000005
FILLER_0_30_85,VGND,li1,45.0800,92.4800,0.000004
FILLER_0_30_83,VGND,li1,43.9300,92.4800,0.000004
FILLER_0_30_77,VGND,li1,41.6300,92.4800,0.000004
FILLER_0_30_69,VGND,li1,39.1000,92.4800,0.000004
FILLER_0_30_57,VGND,li1,34.5000,92.4800,0.000003
FILLER_0_30_53,VGND,li1,30.5900,92.4800,0.000002
FILLER_0_30_41,VGND,li1,27.1400,92.4800,0.000002
FILLER_0_30_29,VGND,li1,21.6200,92.4800,0.000002
FILLER_0_30_27,VGND,li1,18.1700,92.4800,0.000002
FILLER_0_30_15,VGND,li1,15.1800,92.4800,0.000002
FILLER_0_30_3,VGND,li1,9.6600,92.4800,0.000002
FILLER_0_29_241,VGND,li1,116.6100,92.4800,0.000008
FILLER_0_29_237,VGND,li1,115.4600,92.4800,0.000008
FILLER_0_29_225,VGND,li1,111.7800,92.4800,0.000008
FILLER_0_29_222,VGND,li1,108.1000,92.4800,0.000008
FILLER_0_29_210,VGND,li1,104.8800,92.4800,0.000008
FILLER_0_29_198,VGND,li1,99.3600,92.4800,0.000008
FILLER_0_29_186,VGND,li1,93.8400,92.4800,0.000008
FILLER_0_29_174,VGND,li1,88.3200,92.4800,0.000008
FILLER_0_29_167,VGND,li1,82.5700,92.4800,0.000008
FILLER_0_29_161,VGND,li1,80.9600,92.4800,0.000008
FILLER_0_29_149,VGND,li1,76.8200,92.4800,0.000007
FILLER_0_29_137,VGND,li1,71.3000,92.4800,0.000007
FILLER_0_29_125,VGND,li1,65.7800,92.4800,0.000007
FILLER_0_29_113,VGND,li1,60.2600,92.4800,0.000006
FILLER_0_29_111,VGND,li1,56.8100,92.4800,0.000006
FILLER_0_29_105,VGND,li1,55.2000,92.4800,0.000006
FILLER_0_29_93,VGND,li1,51.0600,92.4800,0.000005
FILLER_0_29_81,VGND,li1,45.5400,92.4800,0.000004
FILLER_0_29_69,VGND,li1,40.0200,92.4800,0.000004
FILLER_0_29_57,VGND,li1,34.5000,92.4800,0.000003
FILLER_0_29_54,VGND,li1,30.8200,92.4800,0.000002
FILLER_0_29_42,VGND,li1,27.6000,92.4800,0.000002
FILLER_0_29_30,VGND,li1,22.0800,92.4800,0.000002
FILLER_0_29_18,VGND,li1,16.5600,92.4800,0.000002
FILLER_0_29_6,VGND,li1,11.0400,92.4800,0.000002
FILLER_0_28_241,VGND,li1,116.6100,87.0400,0.000010
FILLER_0_28_233,VGND,li1,114.5400,87.0400,0.000010
FILLER_0_28_221,VGND,li1,109.9400,87.0400,0.000010
FILLER_0_28_209,VGND,li1,104.4200,87.0400,0.000010
FILLER_0_28_197,VGND,li1,98.9000,87.0400,0.000010
FILLER_0_28_192,VGND,li1,94.7600,87.0400,0.000010
FILLER_0_28_180,VGND,li1,91.0800,87.0400,0.000010
FILLER_0_28_141,VGND,li1,70.8400,87.0400,0.000009
FILLER_0_28_137,VGND,li1,69.2300,87.0400,0.000009
FILLER_0_28_130,VGND,li1,66.2400,87.0400,0.000008
FILLER_0_28_118,VGND,li1,62.5600,87.0400,0.000008
FILLER_0_28_106,VGND,li1,57.0400,87.0400,0.000007
FILLER_0_28_102,VGND,li1,52.6700,87.0400,0.000006
FILLER_0_28_85,VGND,li1,45.0800,87.0400,0.000005
FILLER_0_28_77,VGND,li1,41.8600,87.0400,0.000005
FILLER_0_28_65,VGND,li1,38.1800,87.0400,0.000004
FILLER_0_28_53,VGND,li1,32.6600,87.0400,0.000003
FILLER_0_28_41,VGND,li1,27.1400,87.0400,0.000002
FILLER_0_28_29,VGND,li1,21.6200,87.0400,0.000002
FILLER_0_28_27,VGND,li1,18.1700,87.0400,0.000002
FILLER_0_28_15,VGND,li1,15.1800,87.0400,0.000002
FILLER_0_28_3,VGND,li1,9.6600,87.0400,0.000002
FILLER_0_27_241,VGND,li1,116.6100,87.0400,0.000010
FILLER_0_27_237,VGND,li1,115.4600,87.0400,0.000010
FILLER_0_27_225,VGND,li1,111.7800,87.0400,0.000010
FILLER_0_27_212,VGND,li1,105.8000,87.0400,0.000010
FILLER_0_27_200,VGND,li1,100.2800,87.0400,0.000010
FILLER_0_27_188,VGND,li1,94.7600,87.0400,0.000010
FILLER_0_27_176,VGND,li1,89.2400,87.0400,0.000010
FILLER_0_27_158,VGND,li1,79.1200,87.0400,0.000010
FILLER_0_27_147,VGND,li1,74.0600,87.0400,0.000009
FILLER_0_27_143,VGND,li1,71.5300,87.0400,0.000009
FILLER_0_27_137,VGND,li1,69.9200,87.0400,0.000009
FILLER_0_27_125,VGND,li1,65.7800,87.0400,0.000008
FILLER_0_27_113,VGND,li1,60.2600,87.0400,0.000008
FILLER_0_27_111,VGND,li1,56.8100,87.0400,0.000007
FILLER_0_27_105,VGND,li1,55.2000,87.0400,0.000007
FILLER_0_27_93,VGND,li1,51.0600,87.0400,0.000006
FILLER_0_27_87,VGND,li1,45.7700,87.0400,0.000005
FILLER_0_27_81,VGND,li1,44.1600,87.0400,0.000005
FILLER_0_27_69,VGND,li1,40.0200,87.0400,0.000005
FILLER_0_27_57,VGND,li1,34.5000,87.0400,0.000004
FILLER_0_27_54,VGND,li1,30.8200,87.0400,0.000003
FILLER_0_27_42,VGND,li1,27.6000,87.0400,0.000002
FILLER_0_27_30,VGND,li1,22.0800,87.0400,0.000002
FILLER_0_27_18,VGND,li1,16.5600,87.0400,0.000002
FILLER_0_27_6,VGND,li1,11.0400,87.0400,0.000002
FILLER_0_26_241,VGND,li1,116.6100,81.6000,0.000006
FILLER_0_26_233,VGND,li1,114.5400,81.6000,0.000006
FILLER_0_26_221,VGND,li1,109.9400,81.6000,0.000006
FILLER_0_26_209,VGND,li1,104.4200,81.6000,0.000006
FILLER_0_26_197,VGND,li1,98.9000,81.6000,0.000006
FILLER_0_26_193,VGND,li1,94.9900,81.6000,0.000006
FILLER_0_26_181,VGND,li1,91.5400,81.6000,0.000006
FILLER_0_26_169,VGND,li1,86.0200,81.6000,0.000006
FILLER_0_26_153,VGND,li1,77.7400,81.6000,0.000006
FILLER_0_26_141,VGND,li1,73.1400,81.6000,0.000005
FILLER_0_26_128,VGND,li1,67.1600,81.6000,0.000005
FILLER_0_26_116,VGND,li1,61.6400,81.6000,0.000005
FILLER_0_26_104,VGND,li1,56.1200,81.6000,0.000005
FILLER_0_26_92,VGND,li1,50.6000,81.6000,0.000004
FILLER_0_26_80,VGND,li1,43.2400,81.6000,0.000004
FILLER_0_26_73,VGND,li1,39.5600,81.6000,0.000004
FILLER_0_26_65,VGND,li1,37.2600,81.6000,0.000003
FILLER_0_26_53,VGND,li1,32.6600,81.6000,0.000003
FILLER_0_26_41,VGND,li1,27.1400,81.6000,0.000002
FILLER_0_26_29,VGND,li1,21.6200,81.6000,0.000002
FILLER_0_26_26,VGND,li1,17.9400,81.6000,0.000002
FILLER_0_26_18,VGND,li1,15.6400,81.6000,0.000002
FILLER_0_26_6,VGND,li1,11.0400,81.6000,0.000002
FILLER_0_25_237,VGND,li1,115.0000,81.6000,0.000006
FILLER_0_25_225,VGND,li1,111.7800,81.6000,0.000006
FILLER_0_25_223,VGND,li1,108.3300,81.6000,0.000006
FILLER_0_25_217,VGND,li1,106.7200,81.6000,0.000006
FILLER_0_25_205,VGND,li1,102.5800,81.6000,0.000006
FILLER_0_25_193,VGND,li1,97.0600,81.6000,0.000006
FILLER_0_25_181,VGND,li1,91.5400,81.6000,0.000006
FILLER_0_25_169,VGND,li1,86.0200,81.6000,0.000006
FILLER_0_25_167,VGND,li1,82.5700,81.6000,0.000006
FILLER_0_25_161,VGND,li1,80.9600,81.6000,0.000006
FILLER_0_25_149,VGND,li1,76.8200,81.6000,0.000006
FILLER_0_25_137,VGND,li1,71.3000,81.6000,0.000005
FILLER_0_25_125,VGND,li1,65.7800,81.6000,0.000005
FILLER_0_25_113,VGND,li1,60.2600,81.6000,0.000005
FILLER_0_25_111,VGND,li1,56.8100,81.6000,0.000005
FILLER_0_25_105,VGND,li1,55.2000,81.6000,0.000005
FILLER_0_25_93,VGND,li1,51.0600,81.6000,0.000004
FILLER_0_25_81,VGND,li1,45.5400,81.6000,0.000004
FILLER_0_25_65,VGND,li1,35.6500,81.6000,0.000003
FILLER_0_25_57,VGND,li1,33.5800,81.6000,0.000003
FILLER_0_25_54,VGND,li1,30.8200,81.6000,0.000002
FILLER_0_25_42,VGND,li1,27.6000,81.6000,0.000002
FILLER_0_25_30,VGND,li1,22.0800,81.6000,0.000002
FILLER_0_25_18,VGND,li1,16.5600,81.6000,0.000002
FILLER_0_25_6,VGND,li1,11.0400,81.6000,0.000002
FILLER_0_24_233,VGND,li1,114.0800,76.1600,0.000003
FILLER_0_24_221,VGND,li1,109.9400,76.1600,0.000003
FILLER_0_24_209,VGND,li1,104.4200,76.1600,0.000003
FILLER_0_24_197,VGND,li1,98.9000,76.1600,0.000003
FILLER_0_24_195,VGND,li1,95.4500,76.1600,0.000003
FILLER_0_24_189,VGND,li1,93.8400,76.1600,0.000003
FILLER_0_24_177,VGND,li1,89.7000,76.1600,0.000003
FILLER_0_24_165,VGND,li1,84.1800,76.1600,0.000002
FILLER_0_24_153,VGND,li1,78.6600,76.1600,0.000002
FILLER_0_24_141,VGND,li1,73.1400,76.1600,0.000002
FILLER_0_24_139,VGND,li1,69.6900,76.1600,0.000002
FILLER_0_24_133,VGND,li1,68.0800,76.1600,0.000002
FILLER_0_24_121,VGND,li1,63.9400,76.1600,0.000002
FILLER_0_24_109,VGND,li1,58.4200,76.1600,0.000002
FILLER_0_24_97,VGND,li1,52.9000,76.1600,0.000002
FILLER_0_24_85,VGND,li1,47.3800,76.1600,0.000002
FILLER_0_24_78,VGND,li1,42.7800,76.1600,0.000002
FILLER_0_24_68,VGND,li1,37.2600,76.1600,0.000002
FILLER_0_24_56,VGND,li1,34.0400,76.1600,0.000002
FILLER_0_24_44,VGND,li1,28.5200,76.1600,0.000002
FILLER_0_24_32,VGND,li1,23.0000,76.1600,0.000002
FILLER_0_24_27,VGND,li1,18.1700,76.1600,0.000002
FILLER_0_24_6,VGND,li1,11.0400,76.1600,0.000002
FILLER_0_23_241,VGND,li1,116.6100,76.1600,0.000003
FILLER_0_23_237,VGND,li1,115.4600,76.1600,0.000003
FILLER_0_23_225,VGND,li1,111.7800,76.1600,0.000003
FILLER_0_23_223,VGND,li1,108.3300,76.1600,0.000003
FILLER_0_23_217,VGND,li1,106.7200,76.1600,0.000003
FILLER_0_23_205,VGND,li1,102.5800,76.1600,0.000003
FILLER_0_23_193,VGND,li1,97.0600,76.1600,0.000003
FILLER_0_23_181,VGND,li1,91.5400,76.1600,0.000003
FILLER_0_23_169,VGND,li1,86.0200,76.1600,0.000002
FILLER_0_23_167,VGND,li1,82.5700,76.1600,0.000002
FILLER_0_23_161,VGND,li1,80.9600,76.1600,0.000002
FILLER_0_23_149,VGND,li1,76.8200,76.1600,0.000002
FILLER_0_23_137,VGND,li1,71.3000,76.1600,0.000002
FILLER_0_23_125,VGND,li1,65.7800,76.1600,0.000002
FILLER_0_23_113,VGND,li1,60.2600,76.1600,0.000002
FILLER_0_23_111,VGND,li1,56.8100,76.1600,0.000002
FILLER_0_23_107,VGND,li1,55.6600,76.1600,0.000002
FILLER_0_23_95,VGND,li1,51.9800,76.1600,0.000002
FILLER_0_23_83,VGND,li1,46.4600,76.1600,0.000002
FILLER_0_23_71,VGND,li1,40.9400,76.1600,0.000002
FILLER_0_23_65,VGND,li1,35.6500,76.1600,0.000002
FILLER_0_23_57,VGND,li1,33.5800,76.1600,0.000002
FILLER_0_23_55,VGND,li1,31.0500,76.1600,0.000002
FILLER_0_23_49,VGND,li1,29.4400,76.1600,0.000002
FILLER_0_23_37,VGND,li1,25.3000,76.1600,0.000001
FILLER_0_23_11,VGND,li1,10.8100,76.1600,0.000002
FILLER_0_23_3,VGND,li1,8.7400,76.1600,0.000002
FILLER_0_22_238,VGND,li1,115.2300,70.7200,0.000013
FILLER_0_22_230,VGND,li1,113.1600,70.7200,0.000013
FILLER_0_22_209,VGND,li1,102.3500,70.7200,0.000012
FILLER_0_22_197,VGND,li1,98.9000,70.7200,0.000012
FILLER_0_22_195,VGND,li1,95.4500,70.7200,0.000011
FILLER_0_22_189,VGND,li1,93.8400,70.7200,0.000011
FILLER_0_22_177,VGND,li1,89.7000,70.7200,0.000011
FILLER_0_22_165,VGND,li1,84.1800,70.7200,0.000010
FILLER_0_22_153,VGND,li1,78.6600,70.7200,0.000010
FILLER_0_22_141,VGND,li1,73.1400,70.7200,0.000009
FILLER_0_22_139,VGND,li1,69.6900,70.7200,0.000008
FILLER_0_22_133,VGND,li1,68.0800,70.7200,0.000008
FILLER_0_22_121,VGND,li1,63.9400,70.7200,0.000008
FILLER_0_22_109,VGND,li1,58.4200,70.7200,0.000007
FILLER_0_22_97,VGND,li1,52.9000,70.7200,0.000006
FILLER_0_22_85,VGND,li1,47.3800,70.7200,0.000005
FILLER_0_22_83,VGND,li1,43.9300,70.7200,0.000005
FILLER_0_22_77,VGND,li1,42.3200,70.7200,0.000005
FILLER_0_22_65,VGND,li1,38.1800,70.7200,0.000004
FILLER_0_22_53,VGND,li1,32.6600,70.7200,0.000003
FILLER_0_22_41,VGND,li1,27.1400,70.7200,0.000003
FILLER_0_22_29,VGND,li1,21.6200,70.7200,0.000003
FILLER_0_22_18,VGND,li1,14.0300,70.7200,0.000003
FILLER_0_22_6,VGND,li1,11.0400,70.7200,0.000003
FILLER_0_21_238,VGND,li1,115.2300,70.7200,0.000013
FILLER_0_21_205,VGND,li1,100.7400,70.7200,0.000012
FILLER_0_21_193,VGND,li1,97.0600,70.7200,0.000012
FILLER_0_21_181,VGND,li1,91.5400,70.7200,0.000011
FILLER_0_21_169,VGND,li1,86.0200,70.7200,0.000010
FILLER_0_21_167,VGND,li1,82.5700,70.7200,0.000010
FILLER_0_21_161,VGND,li1,80.9600,70.7200,0.000010
FILLER_0_21_149,VGND,li1,76.8200,70.7200,0.000009
FILLER_0_21_137,VGND,li1,71.3000,70.7200,0.000008
FILLER_0_21_125,VGND,li1,65.7800,70.7200,0.000008
FILLER_0_21_113,VGND,li1,60.2600,70.7200,0.000007
FILLER_0_21_111,VGND,li1,56.8100,70.7200,0.000006
FILLER_0_21_105,VGND,li1,55.2000,70.7200,0.000006
FILLER_0_21_93,VGND,li1,51.0600,70.7200,0.000006
FILLER_0_21_81,VGND,li1,45.5400,70.7200,0.000005
FILLER_0_21_69,VGND,li1,40.0200,70.7200,0.000005
FILLER_0_21_57,VGND,li1,34.5000,70.7200,0.000004
FILLER_0_21_52,VGND,li1,29.6700,70.7200,0.000003
FILLER_0_21_46,VGND,li1,28.0600,70.7200,0.000003
FILLER_0_21_34,VGND,li1,23.9200,70.7200,0.000002
FILLER_0_21_14,VGND,li1,12.4200,70.7200,0.000003
FILLER_0_21_6,VGND,li1,10.1200,70.7200,0.000003
FILLER_0_20_231,VGND,li1,113.6200,65.2800,0.000004
FILLER_0_20_217,VGND,li1,106.0300,65.2800,0.000004
FILLER_0_20_209,VGND,li1,103.5000,65.2800,0.000004
FILLER_0_20_197,VGND,li1,98.9000,65.2800,0.000004
FILLER_0_20_195,VGND,li1,95.4500,65.2800,0.000003
FILLER_0_20_189,VGND,li1,93.8400,65.2800,0.000003
FILLER_0_20_177,VGND,li1,89.7000,65.2800,0.000003
FILLER_0_20_165,VGND,li1,84.1800,65.2800,0.000003
FILLER_0_20_153,VGND,li1,78.6600,65.2800,0.000003
FILLER_0_20_141,VGND,li1,73.1400,65.2800,0.000003
FILLER_0_20_139,VGND,li1,69.6900,65.2800,0.000003
FILLER_0_20_133,VGND,li1,68.0800,65.2800,0.000003
FILLER_0_20_121,VGND,li1,63.9400,65.2800,0.000002
FILLER_0_20_109,VGND,li1,58.4200,65.2800,0.000002
FILLER_0_20_97,VGND,li1,52.9000,65.2800,0.000002
FILLER_0_20_85,VGND,li1,47.3800,65.2800,0.000002
FILLER_0_20_81,VGND,li1,43.4700,65.2800,0.000002
FILLER_0_20_73,VGND,li1,40.9400,65.2800,0.000001
FILLER_0_20_61,VGND,li1,36.3400,65.2800,0.000001
FILLER_0_20_49,VGND,li1,30.8200,65.2800,0.000001
FILLER_0_20_37,VGND,li1,25.3000,65.2800,0.000001
FILLER_0_20_27,VGND,li1,18.1700,65.2800,0.000001
FILLER_0_20_23,VGND,li1,17.0200,65.2800,0.000001
FILLER_0_20_18,VGND,li1,14.2600,65.2800,0.000001
FILLER_0_20_6,VGND,li1,11.0400,65.2800,0.000001
FILLER_0_19_237,VGND,li1,115.0000,65.2800,0.000004
FILLER_0_19_225,VGND,li1,111.7800,65.2800,0.000004
FILLER_0_19_223,VGND,li1,108.3300,65.2800,0.000004
FILLER_0_19_217,VGND,li1,106.7200,65.2800,0.000004
FILLER_0_19_205,VGND,li1,102.5800,65.2800,0.000004
FILLER_0_19_193,VGND,li1,97.0600,65.2800,0.000004
FILLER_0_19_181,VGND,li1,91.5400,65.2800,0.000003
FILLER_0_19_169,VGND,li1,86.0200,65.2800,0.000003
FILLER_0_19_167,VGND,li1,82.5700,65.2800,0.000003
FILLER_0_19_161,VGND,li1,80.9600,65.2800,0.000003
FILLER_0_19_149,VGND,li1,76.8200,65.2800,0.000003
FILLER_0_19_137,VGND,li1,71.3000,65.2800,0.000003
FILLER_0_19_125,VGND,li1,65.7800,65.2800,0.000002
FILLER_0_19_113,VGND,li1,60.2600,65.2800,0.000002
FILLER_0_19_111,VGND,li1,56.8100,65.2800,0.000002
FILLER_0_19_105,VGND,li1,55.2000,65.2800,0.000002
FILLER_0_19_93,VGND,li1,51.0600,65.2800,0.000002
FILLER_0_19_81,VGND,li1,45.5400,65.2800,0.000002
FILLER_0_19_69,VGND,li1,40.0200,65.2800,0.000001
FILLER_0_19_57,VGND,li1,34.5000,65.2800,0.000001
FILLER_0_19_54,VGND,li1,30.8200,65.2800,0.000001
FILLER_0_19_42,VGND,li1,27.6000,65.2800,0.000001
FILLER_0_19_30,VGND,li1,22.0800,65.2800,0.000001
FILLER_0_19_18,VGND,li1,16.5600,65.2800,0.000001
FILLER_0_19_6,VGND,li1,11.0400,65.2800,0.000001
FILLER_0_18_241,VGND,li1,116.6100,59.8400,0.000001
FILLER_0_18_233,VGND,li1,114.5400,59.8400,0.000001
FILLER_0_18_221,VGND,li1,109.9400,59.8400,0.000001
FILLER_0_18_209,VGND,li1,104.4200,59.8400,0.000001
FILLER_0_18_197,VGND,li1,98.9000,59.8400,0.000001
FILLER_0_18_195,VGND,li1,95.4500,59.8400,0.000001
FILLER_0_18_189,VGND,li1,93.8400,59.8400,0.000001
FILLER_0_18_177,VGND,li1,89.7000,59.8400,0.000001
FILLER_0_18_165,VGND,li1,84.1800,59.8400,0.000001
FILLER_0_18_153,VGND,li1,78.6600,59.8400,0.000001
FILLER_0_18_141,VGND,li1,73.1400,59.8400,0.000001
FILLER_0_18_139,VGND,li1,69.6900,59.8400,0.000001
FILLER_0_18_133,VGND,li1,68.0800,59.8400,0.000001
FILLER_0_18_121,VGND,li1,63.9400,59.8400,0.000001
FILLER_0_18_109,VGND,li1,58.4200,59.8400,0.000001
FILLER_0_18_97,VGND,li1,52.9000,59.8400,0.000001
FILLER_0_18_85,VGND,li1,47.3800,59.8400,0.000000
FILLER_0_18_83,VGND,li1,43.9300,59.8400,0.000000
FILLER_0_18_77,VGND,li1,42.3200,59.8400,0.000000
FILLER_0_18_65,VGND,li1,38.1800,59.8400,0.000000
FILLER_0_18_53,VGND,li1,32.6600,59.8400,0.000000
FILLER_0_18_41,VGND,li1,27.1400,59.8400,0.000000
FILLER_0_18_29,VGND,li1,21.6200,59.8400,0.000000
FILLER_0_18_27,VGND,li1,18.1700,59.8400,0.000000
FILLER_0_18_15,VGND,li1,15.1800,59.8400,0.000000
FILLER_0_18_3,VGND,li1,9.6600,59.8400,0.000001
FILLER_0_17_237,VGND,li1,115.0000,59.8400,0.000001
FILLER_0_17_225,VGND,li1,111.7800,59.8400,0.000001
FILLER_0_17_223,VGND,li1,108.3300,59.8400,0.000001
FILLER_0_17_217,VGND,li1,106.7200,59.8400,0.000001
FILLER_0_17_205,VGND,li1,102.5800,59.8400,0.000001
FILLER_0_17_193,VGND,li1,97.0600,59.8400,0.000001
FILLER_0_17_181,VGND,li1,91.5400,59.8400,0.000001
FILLER_0_17_169,VGND,li1,86.0200,59.8400,0.000001
FILLER_0_17_167,VGND,li1,82.5700,59.8400,0.000001
FILLER_0_17_161,VGND,li1,80.9600,59.8400,0.000001
FILLER_0_17_149,VGND,li1,76.8200,59.8400,0.000001
FILLER_0_17_137,VGND,li1,71.3000,59.8400,0.000001
FILLER_0_17_125,VGND,li1,65.7800,59.8400,0.000001
FILLER_0_17_113,VGND,li1,60.2600,59.8400,0.000001
FILLER_0_17_111,VGND,li1,56.8100,59.8400,0.000001
FILLER_0_17_105,VGND,li1,55.2000,59.8400,0.000001
FILLER_0_17_93,VGND,li1,51.0600,59.8400,0.000001
FILLER_0_17_81,VGND,li1,45.5400,59.8400,0.000000
FILLER_0_17_69,VGND,li1,40.0200,59.8400,0.000000
FILLER_0_17_57,VGND,li1,34.5000,59.8400,0.000000
FILLER_0_17_54,VGND,li1,30.8200,59.8400,0.000000
FILLER_0_17_42,VGND,li1,27.6000,59.8400,0.000000
FILLER_0_17_30,VGND,li1,22.0800,59.8400,0.000000
FILLER_0_17_18,VGND,li1,16.5600,59.8400,0.000000
FILLER_0_17_6,VGND,li1,11.0400,59.8400,0.000001
FILLER_0_16_233,VGND,li1,114.0800,54.4000,0.000001
FILLER_0_16_221,VGND,li1,109.9400,54.4000,0.000001
FILLER_0_16_209,VGND,li1,104.4200,54.4000,0.000001
FILLER_0_16_197,VGND,li1,98.9000,54.4000,0.000001
FILLER_0_16_195,VGND,li1,95.4500,54.4000,0.000001
FILLER_0_16_189,VGND,li1,93.8400,54.4000,0.000001
FILLER_0_16_177,VGND,li1,89.7000,54.4000,0.000001
FILLER_0_16_165,VGND,li1,84.1800,54.4000,0.000001
FILLER_0_16_153,VGND,li1,78.6600,54.4000,0.000001
FILLER_0_16_141,VGND,li1,73.1400,54.4000,0.000001
FILLER_0_16_139,VGND,li1,69.6900,54.4000,0.000001
FILLER_0_16_133,VGND,li1,68.0800,54.4000,0.000001
FILLER_0_16_121,VGND,li1,63.9400,54.4000,0.000001
FILLER_0_16_109,VGND,li1,58.4200,54.4000,0.000001
FILLER_0_16_97,VGND,li1,52.9000,54.4000,0.000001
FILLER_0_16_85,VGND,li1,47.3800,54.4000,0.000000
FILLER_0_16_83,VGND,li1,43.9300,54.4000,0.000000
FILLER_0_16_77,VGND,li1,42.3200,54.4000,0.000000
FILLER_0_16_65,VGND,li1,38.1800,54.4000,0.000000
FILLER_0_16_53,VGND,li1,32.6600,54.4000,0.000000
FILLER_0_16_41,VGND,li1,27.1400,54.4000,0.000000
FILLER_0_16_29,VGND,li1,21.6200,54.4000,0.000000
FILLER_0_16_26,VGND,li1,17.9400,54.4000,0.000000
FILLER_0_16_18,VGND,li1,15.6400,54.4000,0.000000
FILLER_0_16_6,VGND,li1,11.0400,54.4000,0.000001
FILLER_0_15_237,VGND,li1,115.0000,54.4000,0.000001
FILLER_0_15_225,VGND,li1,111.7800,54.4000,0.000001
FILLER_0_15_223,VGND,li1,108.3300,54.4000,0.000001
FILLER_0_15_217,VGND,li1,106.7200,54.4000,0.000001
FILLER_0_15_205,VGND,li1,102.5800,54.4000,0.000001
FILLER_0_15_193,VGND,li1,97.0600,54.4000,0.000001
FILLER_0_15_181,VGND,li1,91.5400,54.4000,0.000001
FILLER_0_15_169,VGND,li1,86.0200,54.4000,0.000001
FILLER_0_15_167,VGND,li1,82.5700,54.4000,0.000001
FILLER_0_15_161,VGND,li1,80.9600,54.4000,0.000001
FILLER_0_15_149,VGND,li1,76.8200,54.4000,0.000001
FILLER_0_15_137,VGND,li1,71.3000,54.4000,0.000001
FILLER_0_15_125,VGND,li1,65.7800,54.4000,0.000001
FILLER_0_15_113,VGND,li1,60.2600,54.4000,0.000001
FILLER_0_15_111,VGND,li1,56.8100,54.4000,0.000001
FILLER_0_15_105,VGND,li1,55.2000,54.4000,0.000001
FILLER_0_15_93,VGND,li1,51.0600,54.4000,0.000001
FILLER_0_15_81,VGND,li1,45.5400,54.4000,0.000000
FILLER_0_15_69,VGND,li1,40.0200,54.4000,0.000000
FILLER_0_15_57,VGND,li1,34.5000,54.4000,0.000000
FILLER_0_15_54,VGND,li1,30.8200,54.4000,0.000000
FILLER_0_15_42,VGND,li1,27.6000,54.4000,0.000000
FILLER_0_15_30,VGND,li1,22.0800,54.4000,0.000000
FILLER_0_15_18,VGND,li1,14.0300,54.4000,0.000000
FILLER_0_15_6,VGND,li1,11.0400,54.4000,0.000001
FILLER_0_14_233,VGND,li1,114.0800,48.9600,0.000003
FILLER_0_14_221,VGND,li1,109.9400,48.9600,0.000003
FILLER_0_14_209,VGND,li1,104.4200,48.9600,0.000003
FILLER_0_14_197,VGND,li1,98.9000,48.9600,0.000003
FILLER_0_14_195,VGND,li1,95.4500,48.9600,0.000003
FILLER_0_14_189,VGND,li1,93.8400,48.9600,0.000003
FILLER_0_14_177,VGND,li1,89.7000,48.9600,0.000003
FILLER_0_14_165,VGND,li1,84.1800,48.9600,0.000003
FILLER_0_14_153,VGND,li1,78.6600,48.9600,0.000003
FILLER_0_14_141,VGND,li1,73.1400,48.9600,0.000002
FILLER_0_14_139,VGND,li1,69.6900,48.9600,0.000002
FILLER_0_14_133,VGND,li1,68.0800,48.9600,0.000002
FILLER_0_14_121,VGND,li1,63.9400,48.9600,0.000002
FILLER_0_14_109,VGND,li1,58.4200,48.9600,0.000002
FILLER_0_14_97,VGND,li1,52.9000,48.9600,0.000002
FILLER_0_14_85,VGND,li1,47.3800,48.9600,0.000002
FILLER_0_14_83,VGND,li1,43.9300,48.9600,0.000002
FILLER_0_14_77,VGND,li1,42.3200,48.9600,0.000002
FILLER_0_14_65,VGND,li1,38.1800,48.9600,0.000002
FILLER_0_14_53,VGND,li1,32.6600,48.9600,0.000002
FILLER_0_14_41,VGND,li1,27.1400,48.9600,0.000002
FILLER_0_14_29,VGND,li1,19.7800,48.9600,0.000002
FILLER_0_14_24,VGND,li1,17.4800,48.9600,0.000002
FILLER_0_14_6,VGND,li1,9.6600,48.9600,0.000003
FILLER_0_13_241,VGND,li1,116.6100,48.9600,0.000003
FILLER_0_13_237,VGND,li1,115.4600,48.9600,0.000003
FILLER_0_13_225,VGND,li1,111.7800,48.9600,0.000003
FILLER_0_13_223,VGND,li1,108.3300,48.9600,0.000003
FILLER_0_13_217,VGND,li1,106.7200,48.9600,0.000003
FILLER_0_13_205,VGND,li1,102.5800,48.9600,0.000003
FILLER_0_13_193,VGND,li1,97.0600,48.9600,0.000003
FILLER_0_13_181,VGND,li1,91.5400,48.9600,0.000003
FILLER_0_13_169,VGND,li1,86.0200,48.9600,0.000003
FILLER_0_13_167,VGND,li1,82.5700,48.9600,0.000003
FILLER_0_13_161,VGND,li1,80.9600,48.9600,0.000003
FILLER_0_13_149,VGND,li1,76.8200,48.9600,0.000003
FILLER_0_13_137,VGND,li1,71.3000,48.9600,0.000002
FILLER_0_13_125,VGND,li1,65.7800,48.9600,0.000002
FILLER_0_13_113,VGND,li1,60.2600,48.9600,0.000002
FILLER_0_13_111,VGND,li1,56.8100,48.9600,0.000002
FILLER_0_13_105,VGND,li1,55.2000,48.9600,0.000002
FILLER_0_13_93,VGND,li1,51.0600,48.9600,0.000002
FILLER_0_13_81,VGND,li1,45.5400,48.9600,0.000002
FILLER_0_13_69,VGND,li1,40.0200,48.9600,0.000002
FILLER_0_13_57,VGND,li1,34.5000,48.9600,0.000002
FILLER_0_13_55,VGND,li1,31.0500,48.9600,0.000002
FILLER_0_13_47,VGND,li1,28.9800,48.9600,0.000002
FILLER_0_13_35,VGND,li1,24.3800,48.9600,0.000002
FILLER_0_13_30,VGND,li1,19.7800,48.9600,0.000002
FILLER_0_13_15,VGND,li1,13.1100,48.9600,0.000003
FILLER_0_13_3,VGND,li1,9.6600,48.9600,0.000003
FILLER_0_12_236,VGND,li1,114.7700,43.5200,0.000004
FILLER_0_12_224,VGND,li1,111.3200,43.5200,0.000004
FILLER_0_12_212,VGND,li1,105.8000,43.5200,0.000004
FILLER_0_12_200,VGND,li1,100.2800,43.5200,0.000004
FILLER_0_12_195,VGND,li1,95.4500,43.5200,0.000004
FILLER_0_12_189,VGND,li1,93.8400,43.5200,0.000004
FILLER_0_12_177,VGND,li1,89.7000,43.5200,0.000003
FILLER_0_12_165,VGND,li1,84.1800,43.5200,0.000003
FILLER_0_12_153,VGND,li1,78.6600,43.5200,0.000003
FILLER_0_12_141,VGND,li1,73.1400,43.5200,0.000003
FILLER_0_12_139,VGND,li1,69.6900,43.5200,0.000003
FILLER_0_12_133,VGND,li1,68.0800,43.5200,0.000003
FILLER_0_12_121,VGND,li1,63.9400,43.5200,0.000003
FILLER_0_12_109,VGND,li1,58.4200,43.5200,0.000003
FILLER_0_12_97,VGND,li1,52.9000,43.5200,0.000003
FILLER_0_12_85,VGND,li1,47.3800,43.5200,0.000002
FILLER_0_12_83,VGND,li1,43.9300,43.5200,0.000002
FILLER_0_12_79,VGND,li1,42.7800,43.5200,0.000002
FILLER_0_12_67,VGND,li1,39.1000,43.5200,0.000002
FILLER_0_12_36,VGND,li1,24.8400,43.5200,0.000001
FILLER_0_12_26,VGND,li1,17.9400,43.5200,0.000002
FILLER_0_12_18,VGND,li1,15.6400,43.5200,0.000002
FILLER_0_12_6,VGND,li1,11.0400,43.5200,0.000002
FILLER_0_11_237,VGND,li1,115.0000,43.5200,0.000004
FILLER_0_11_225,VGND,li1,111.7800,43.5200,0.000004
FILLER_0_11_223,VGND,li1,108.3300,43.5200,0.000004
FILLER_0_11_217,VGND,li1,106.7200,43.5200,0.000004
FILLER_0_11_205,VGND,li1,102.5800,43.5200,0.000004
FILLER_0_11_193,VGND,li1,97.0600,43.5200,0.000004
FILLER_0_11_181,VGND,li1,91.5400,43.5200,0.000004
FILLER_0_11_169,VGND,li1,86.0200,43.5200,0.000003
FILLER_0_11_167,VGND,li1,82.5700,43.5200,0.000003
FILLER_0_11_161,VGND,li1,80.9600,43.5200,0.000003
FILLER_0_11_149,VGND,li1,76.8200,43.5200,0.000003
FILLER_0_11_137,VGND,li1,71.3000,43.5200,0.000003
FILLER_0_11_125,VGND,li1,65.7800,43.5200,0.000003
FILLER_0_11_113,VGND,li1,60.2600,43.5200,0.000003
FILLER_0_11_109,VGND,li1,56.3500,43.5200,0.000003
FILLER_0_11_97,VGND,li1,52.9000,43.5200,0.000003
FILLER_0_11_85,VGND,li1,47.3800,43.5200,0.000002
FILLER_0_11_73,VGND,li1,41.8600,43.5200,0.000002
FILLER_0_11_64,VGND,li1,35.4200,43.5200,0.000002
FILLER_0_11_57,VGND,li1,32.2000,43.5200,0.000002
FILLER_0_11_48,VGND,li1,29.4400,43.5200,0.000002
FILLER_0_11_36,VGND,li1,24.8400,43.5200,0.000001
FILLER_0_11_30,VGND,li1,19.5500,43.5200,0.000002
FILLER_0_11_18,VGND,li1,16.5600,43.5200,0.000002
FILLER_0_11_6,VGND,li1,11.0400,43.5200,0.000002
FILLER_0_10_233,VGND,li1,114.0800,38.0800,0.000015
FILLER_0_10_221,VGND,li1,109.9400,38.0800,0.000015
FILLER_0_10_209,VGND,li1,104.4200,38.0800,0.000015
FILLER_0_10_197,VGND,li1,98.9000,38.0800,0.000014
FILLER_0_10_194,VGND,li1,95.2200,38.0800,0.000014
FILLER_0_10_186,VGND,li1,92.9200,38.0800,0.000014
FILLER_0_10_174,VGND,li1,85.7900,38.0800,0.000014
FILLER_0_10_168,VGND,li1,84.1800,38.0800,0.000014
FILLER_0_10_161,VGND,li1,80.2700,38.0800,0.000014
FILLER_0_10_153,VGND,li1,77.7400,38.0800,0.000013
FILLER_0_10_141,VGND,li1,73.1400,38.0800,0.000013
FILLER_0_10_139,VGND,li1,69.6900,38.0800,0.000012
FILLER_0_10_133,VGND,li1,68.0800,38.0800,0.000012
FILLER_0_10_121,VGND,li1,63.9400,38.0800,0.000012
FILLER_0_10_109,VGND,li1,58.4200,38.0800,0.000011
FILLER_0_10_97,VGND,li1,52.9000,38.0800,0.000011
FILLER_0_10_85,VGND,li1,47.3800,38.0800,0.000010
FILLER_0_10_81,VGND,li1,43.4700,38.0800,0.000010
FILLER_0_10_69,VGND,li1,40.0200,38.0800,0.000009
FILLER_0_10_57,VGND,li1,34.5000,38.0800,0.000008
FILLER_0_10_45,VGND,li1,28.9800,38.0800,0.000006
FILLER_0_10_33,VGND,li1,23.4600,38.0800,0.000004
FILLER_0_10_25,VGND,li1,17.7100,38.0800,0.000004
FILLER_0_10_12,VGND,li1,11.2700,38.0800,0.000005
FILLER_0_10_6,VGND,li1,9.6600,38.0800,0.000005
FILLER_0_9_237,VGND,li1,115.0000,38.0800,0.000015
FILLER_0_9_225,VGND,li1,111.7800,38.0800,0.000015
FILLER_0_9_221,VGND,li1,107.8700,38.0800,0.000015
FILLER_0_9_209,VGND,li1,104.4200,38.0800,0.000015
FILLER_0_9_197,VGND,li1,98.9000,38.0800,0.000014
FILLER_0_9_185,VGND,li1,93.3800,38.0800,0.000014
FILLER_0_9_169,VGND,li1,83.4900,38.0800,0.000014
FILLER_0_9_161,VGND,li1,80.0400,38.0800,0.000014
FILLER_0_9_149,VGND,li1,76.8200,38.0800,0.000013
FILLER_0_9_137,VGND,li1,71.3000,38.0800,0.000013
FILLER_0_9_125,VGND,li1,65.7800,38.0800,0.000012
FILLER_0_9_113,VGND,li1,60.2600,38.0800,0.000012
FILLER_0_9_110,VGND,li1,56.5800,38.0800,0.000011
FILLER_0_9_102,VGND,li1,54.2800,38.0800,0.000011
FILLER_0_9_90,VGND,li1,49.6800,38.0800,0.000010
FILLER_0_9_78,VGND,li1,44.1600,38.0800,0.000010
FILLER_0_9_61,VGND,li1,33.8100,38.0800,0.000008
FILLER_0_9_57,VGND,li1,32.6600,38.0800,0.000007
FILLER_0_9_55,VGND,li1,31.0500,38.0800,0.000007
FILLER_0_9_47,VGND,li1,28.9800,38.0800,0.000006
FILLER_0_9_35,VGND,li1,24.3800,38.0800,0.000004
FILLER_0_9_23,VGND,li1,18.8600,38.0800,0.000004
FILLER_0_9_18,VGND,li1,14.2600,38.0800,0.000004
FILLER_0_9_6,VGND,li1,11.0400,38.0800,0.000005
FILLER_0_8_240,VGND,li1,116.3800,32.6400,0.000013
FILLER_0_8_232,VGND,li1,114.0800,32.6400,0.000013
FILLER_0_8_215,VGND,li1,104.6500,32.6400,0.000013
FILLER_0_8_209,VGND,li1,103.0400,32.6400,0.000013
FILLER_0_8_197,VGND,li1,98.9000,32.6400,0.000012
FILLER_0_8_194,VGND,li1,95.2200,32.6400,0.000012
FILLER_0_8_182,VGND,li1,92.0000,32.6400,0.000012
FILLER_0_8_165,VGND,li1,82.3400,32.6400,0.000010
FILLER_0_8_153,VGND,li1,78.6600,32.6400,0.000010
FILLER_0_8_141,VGND,li1,73.1400,32.6400,0.000009
FILLER_0_8_139,VGND,li1,69.6900,32.6400,0.000008
FILLER_0_8_133,VGND,li1,68.0800,32.6400,0.000008
FILLER_0_8_121,VGND,li1,63.9400,32.6400,0.000008
FILLER_0_8_109,VGND,li1,58.4200,32.6400,0.000007
FILLER_0_8_97,VGND,li1,52.9000,32.6400,0.000006
FILLER_0_8_85,VGND,li1,47.3800,32.6400,0.000005
FILLER_0_8_83,VGND,li1,43.9300,32.6400,0.000004
FILLER_0_8_77,VGND,li1,42.3200,32.6400,0.000004
FILLER_0_8_65,VGND,li1,38.1800,32.6400,0.000004
FILLER_0_8_53,VGND,li1,32.6600,32.6400,0.000003
FILLER_0_8_41,VGND,li1,27.1400,32.6400,0.000002
FILLER_0_8_29,VGND,li1,21.6200,32.6400,0.000002
FILLER_0_8_27,VGND,li1,18.1700,32.6400,0.000002
FILLER_0_8_23,VGND,li1,17.0200,32.6400,0.000002
FILLER_0_8_19,VGND,li1,14.4900,32.6400,0.000002
FILLER_0_8_15,VGND,li1,13.3400,32.6400,0.000002
FILLER_0_8_3,VGND,li1,9.6600,32.6400,0.000002
FILLER_0_7_237,VGND,li1,115.0000,32.6400,0.000013
FILLER_0_7_221,VGND,li1,107.8700,32.6400,0.000013
FILLER_0_7_211,VGND,li1,102.8100,32.6400,0.000013
FILLER_0_7_205,VGND,li1,101.2000,32.6400,0.000013
FILLER_0_7_193,VGND,li1,97.0600,32.6400,0.000012
FILLER_0_7_181,VGND,li1,91.5400,32.6400,0.000012
FILLER_0_7_169,VGND,li1,86.0200,32.6400,0.000011
FILLER_0_7_167,VGND,li1,82.5700,32.6400,0.000010
FILLER_0_7_161,VGND,li1,80.9600,32.6400,0.000010
FILLER_0_7_149,VGND,li1,76.8200,32.6400,0.000010
FILLER_0_7_137,VGND,li1,71.3000,32.6400,0.000009
FILLER_0_7_125,VGND,li1,65.7800,32.6400,0.000008
FILLER_0_7_113,VGND,li1,60.2600,32.6400,0.000007
FILLER_0_7_111,VGND,li1,56.8100,32.6400,0.000006
FILLER_0_7_105,VGND,li1,55.2000,32.6400,0.000006
FILLER_0_7_93,VGND,li1,51.0600,32.6400,0.000006
FILLER_0_7_81,VGND,li1,45.5400,32.6400,0.000005
FILLER_0_7_69,VGND,li1,40.0200,32.6400,0.000004
FILLER_0_7_57,VGND,li1,34.5000,32.6400,0.000003
FILLER_0_7_55,VGND,li1,31.0500,32.6400,0.000002
FILLER_0_7_51,VGND,li1,29.9000,32.6400,0.000002
FILLER_0_7_39,VGND,li1,26.2200,32.6400,0.000002
FILLER_0_7_27,VGND,li1,20.7000,32.6400,0.000002
FILLER_0_7_15,VGND,li1,15.1800,32.6400,0.000002
FILLER_0_7_3,VGND,li1,9.6600,32.6400,0.000002
FILLER_0_6_233,VGND,li1,114.0800,27.2000,0.000010
FILLER_0_6_213,VGND,li1,103.7300,27.2000,0.000010
FILLER_0_6_209,VGND,li1,102.5800,27.2000,0.000010
FILLER_0_6_197,VGND,li1,98.9000,27.2000,0.000009
FILLER_0_6_190,VGND,li1,94.3000,27.2000,0.000009
FILLER_0_6_178,VGND,li1,90.1600,27.2000,0.000009
FILLER_0_6_166,VGND,li1,84.6400,27.2000,0.000008
FILLER_0_6_161,VGND,li1,80.0400,27.2000,0.000008
FILLER_0_6_153,VGND,li1,77.7400,27.2000,0.000007
FILLER_0_6_141,VGND,li1,73.1400,27.2000,0.000007
FILLER_0_6_139,VGND,li1,69.6900,27.2000,0.000006
FILLER_0_6_133,VGND,li1,68.0800,27.2000,0.000006
FILLER_0_6_121,VGND,li1,63.9400,27.2000,0.000006
FILLER_0_6_109,VGND,li1,58.4200,27.2000,0.000005
FILLER_0_6_97,VGND,li1,52.9000,27.2000,0.000004
FILLER_0_6_85,VGND,li1,47.3800,27.2000,0.000004
FILLER_0_6_83,VGND,li1,43.9300,27.2000,0.000003
FILLER_0_6_77,VGND,li1,42.3200,27.2000,0.000003
FILLER_0_6_65,VGND,li1,38.1800,27.2000,0.000003
FILLER_0_6_53,VGND,li1,32.6600,27.2000,0.000002
FILLER_0_6_41,VGND,li1,27.1400,27.2000,0.000001
FILLER_0_6_29,VGND,li1,21.6200,27.2000,0.000001
FILLER_0_6_26,VGND,li1,17.9400,27.2000,0.000001
FILLER_0_6_18,VGND,li1,15.6400,27.2000,0.000001
FILLER_0_6_6,VGND,li1,11.0400,27.2000,0.000001
FILLER_0_5_233,VGND,li1,114.0800,27.2000,0.000010
FILLER_0_5_217,VGND,li1,105.5700,27.2000,0.000010
FILLER_0_5_205,VGND,li1,102.5800,27.2000,0.000010
FILLER_0_5_193,VGND,li1,97.0600,27.2000,0.000009
FILLER_0_5_181,VGND,li1,91.5400,27.2000,0.000009
FILLER_0_5_169,VGND,li1,86.0200,27.2000,0.000008
FILLER_0_5_167,VGND,li1,82.5700,27.2000,0.000008
FILLER_0_5_161,VGND,li1,80.9600,27.2000,0.000008
FILLER_0_5_149,VGND,li1,76.8200,27.2000,0.000007
FILLER_0_5_137,VGND,li1,71.3000,27.2000,0.000006
FILLER_0_5_125,VGND,li1,65.7800,27.2000,0.000006
FILLER_0_5_113,VGND,li1,60.2600,27.2000,0.000005
FILLER_0_5_111,VGND,li1,56.8100,27.2000,0.000005
FILLER_0_5_105,VGND,li1,55.2000,27.2000,0.000005
FILLER_0_5_93,VGND,li1,51.0600,27.2000,0.000004
FILLER_0_5_81,VGND,li1,45.5400,27.2000,0.000003
FILLER_0_5_69,VGND,li1,40.0200,27.2000,0.000003
FILLER_0_5_57,VGND,li1,34.5000,27.2000,0.000002
FILLER_0_5_55,VGND,li1,31.0500,27.2000,0.000002
FILLER_0_5_51,VGND,li1,29.9000,27.2000,0.000002
FILLER_0_5_39,VGND,li1,26.2200,27.2000,0.000001
FILLER_0_5_27,VGND,li1,20.7000,27.2000,0.000001
FILLER_0_5_15,VGND,li1,15.1800,27.2000,0.000001
FILLER_0_5_3,VGND,li1,9.6600,27.2000,0.000001
FILLER_0_4_237,VGND,li1,115.0000,21.7600,0.000005
FILLER_0_4_225,VGND,li1,111.7800,21.7600,0.000005
FILLER_0_4_221,VGND,li1,107.4100,21.7600,0.000005
FILLER_0_4_209,VGND,li1,104.4200,21.7600,0.000005
FILLER_0_4_197,VGND,li1,98.9000,21.7600,0.000005
FILLER_0_4_188,VGND,li1,93.8400,21.7600,0.000005
FILLER_0_4_176,VGND,li1,89.2400,21.7600,0.000005
FILLER_0_4_164,VGND,li1,83.7200,21.7600,0.000005
FILLER_0_4_149,VGND,li1,74.5200,21.7600,0.000004
FILLER_0_4_141,VGND,li1,72.2200,21.7600,0.000004
FILLER_0_4_139,VGND,li1,69.6900,21.7600,0.000004
FILLER_0_4_133,VGND,li1,68.0800,21.7600,0.000004
FILLER_0_4_121,VGND,li1,63.9400,21.7600,0.000004
FILLER_0_4_109,VGND,li1,58.4200,21.7600,0.000004
FILLER_0_4_97,VGND,li1,52.9000,21.7600,0.000003
FILLER_0_4_85,VGND,li1,47.3800,21.7600,0.000003
FILLER_0_4_83,VGND,li1,43.9300,21.7600,0.000003
FILLER_0_4_75,VGND,li1,41.8600,21.7600,0.000003
FILLER_0_4_71,VGND,li1,38.4100,21.7600,0.000002
FILLER_0_4_65,VGND,li1,36.8000,21.7600,0.000002
FILLER_0_4_53,VGND,li1,32.6600,21.7600,0.000002
FILLER_0_4_41,VGND,li1,27.1400,21.7600,0.000001
FILLER_0_4_29,VGND,li1,21.6200,21.7600,0.000001
FILLER_0_4_27,VGND,li1,18.1700,21.7600,0.000001
FILLER_0_4_15,VGND,li1,15.1800,21.7600,0.000001
FILLER_0_4_3,VGND,li1,9.6600,21.7600,0.000001
FILLER_0_3_241,VGND,li1,116.6100,21.7600,0.000005
FILLER_0_3_237,VGND,li1,115.4600,21.7600,0.000005
FILLER_0_3_225,VGND,li1,111.7800,21.7600,0.000005
FILLER_0_3_223,VGND,li1,108.3300,21.7600,0.000005
FILLER_0_3_217,VGND,li1,106.7200,21.7600,0.000005
FILLER_0_3_205,VGND,li1,102.5800,21.7600,0.000005
FILLER_0_3_193,VGND,li1,97.0600,21.7600,0.000005
FILLER_0_3_181,VGND,li1,91.5400,21.7600,0.000005
FILLER_0_3_169,VGND,li1,86.0200,21.7600,0.000005
FILLER_0_3_167,VGND,li1,82.5700,21.7600,0.000005
FILLER_0_3_161,VGND,li1,80.9600,21.7600,0.000005
FILLER_0_3_149,VGND,li1,76.8200,21.7600,0.000004
FILLER_0_3_137,VGND,li1,71.3000,21.7600,0.000004
FILLER_0_3_125,VGND,li1,65.7800,21.7600,0.000004
FILLER_0_3_113,VGND,li1,60.2600,21.7600,0.000004
FILLER_0_3_109,VGND,li1,56.3500,21.7600,0.000003
FILLER_0_3_101,VGND,li1,53.8200,21.7600,0.000003
FILLER_0_3_89,VGND,li1,49.2200,21.7600,0.000003
FILLER_0_3_83,VGND,li1,44.3900,21.7600,0.000003
FILLER_0_3_65,VGND,li1,35.8800,21.7600,0.000002
FILLER_0_3_57,VGND,li1,33.5800,21.7600,0.000002
FILLER_0_3_55,VGND,li1,31.0500,21.7600,0.000002
FILLER_0_3_51,VGND,li1,29.9000,21.7600,0.000002
FILLER_0_3_39,VGND,li1,26.2200,21.7600,0.000001
FILLER_0_3_27,VGND,li1,20.7000,21.7600,0.000001
FILLER_0_3_15,VGND,li1,15.1800,21.7600,0.000001
FILLER_0_3_3,VGND,li1,9.6600,21.7600,0.000001
FILLER_0_2_233,VGND,li1,114.0800,16.3200,0.000006
FILLER_0_2_221,VGND,li1,109.9400,16.3200,0.000006
FILLER_0_2_209,VGND,li1,104.4200,16.3200,0.000006
FILLER_0_2_197,VGND,li1,98.9000,16.3200,0.000005
FILLER_0_2_193,VGND,li1,94.9900,16.3200,0.000005
FILLER_0_2_185,VGND,li1,92.4600,16.3200,0.000005
FILLER_0_2_173,VGND,li1,87.8600,16.3200,0.000005
FILLER_0_2_161,VGND,li1,82.3400,16.3200,0.000005
FILLER_0_2_136,VGND,li1,69.0000,16.3200,0.000005
FILLER_0_2_124,VGND,li1,65.3200,16.3200,0.000005
FILLER_0_2_112,VGND,li1,59.8000,16.3200,0.000004
FILLER_0_2_100,VGND,li1,54.2800,16.3200,0.000004
FILLER_0_2_59,VGND,li1,32.8900,16.3200,0.000002
FILLER_0_2_53,VGND,li1,31.2800,16.3200,0.000002
FILLER_0_2_41,VGND,li1,27.1400,16.3200,0.000002
FILLER_0_2_29,VGND,li1,21.6200,16.3200,0.000001
FILLER_0_2_27,VGND,li1,18.1700,16.3200,0.000001
FILLER_0_2_15,VGND,li1,15.1800,16.3200,0.000001
FILLER_0_2_3,VGND,li1,9.6600,16.3200,0.000001
FILLER_0_1_241,VGND,li1,116.6100,16.3200,0.000006
FILLER_0_1_237,VGND,li1,115.4600,16.3200,0.000006
FILLER_0_1_225,VGND,li1,111.7800,16.3200,0.000006
FILLER_0_1_223,VGND,li1,108.3300,16.3200,0.000006
FILLER_0_1_217,VGND,li1,106.7200,16.3200,0.000006
FILLER_0_1_205,VGND,li1,102.5800,16.3200,0.000005
FILLER_0_1_193,VGND,li1,97.0600,16.3200,0.000005
FILLER_0_1_181,VGND,li1,91.5400,16.3200,0.000005
FILLER_0_1_169,VGND,li1,86.0200,16.3200,0.000005
FILLER_0_1_167,VGND,li1,82.5700,16.3200,0.000005
FILLER_0_1_161,VGND,li1,80.9600,16.3200,0.000005
FILLER_0_1_149,VGND,li1,76.8200,16.3200,0.000005
FILLER_0_1_137,VGND,li1,71.3000,16.3200,0.000005
FILLER_0_1_125,VGND,li1,65.7800,16.3200,0.000005
FILLER_0_1_113,VGND,li1,60.2600,16.3200,0.000004
FILLER_0_1_111,VGND,li1,56.8100,16.3200,0.000004
FILLER_0_1_103,VGND,li1,54.7400,16.3200,0.000004
FILLER_0_1_91,VGND,li1,50.1400,16.3200,0.000004
FILLER_0_1_84,VGND,li1,44.6200,16.3200,0.000004
FILLER_0_1_72,VGND,li1,41.4000,16.3200,0.000003
FILLER_0_1_65,VGND,li1,35.6500,16.3200,0.000003
FILLER_0_1_57,VGND,li1,33.5800,16.3200,0.000002
FILLER_0_1_55,VGND,li1,31.0500,16.3200,0.000002
FILLER_0_1_51,VGND,li1,29.9000,16.3200,0.000002
FILLER_0_1_39,VGND,li1,26.2200,16.3200,0.000001
FILLER_0_1_27,VGND,li1,20.7000,16.3200,0.000001
FILLER_0_1_15,VGND,li1,15.1800,16.3200,0.000001
FILLER_0_1_3,VGND,li1,9.6600,16.3200,0.000001
FILLER_0_0_241,VGND,li1,116.6100,10.8800,0.000006
FILLER_0_0_237,VGND,li1,115.4600,10.8800,0.000006
FILLER_0_0_225,VGND,li1,111.7800,10.8800,0.000006
FILLER_0_0_221,VGND,li1,107.8700,10.8800,0.000006
FILLER_0_0_209,VGND,li1,104.4200,10.8800,0.000006
FILLER_0_0_197,VGND,li1,98.9000,10.8800,0.000006
FILLER_0_0_193,VGND,li1,94.9900,10.8800,0.000006
FILLER_0_0_181,VGND,li1,91.5400,10.8800,0.000006
FILLER_0_0_169,VGND,li1,86.0200,10.8800,0.000006
FILLER_0_0_160,VGND,li1,80.9600,10.8800,0.000006
FILLER_0_0_153,VGND,li1,76.8200,10.8800,0.000006
FILLER_0_0_146,VGND,li1,73.6000,10.8800,0.000006
FILLER_0_0_141,VGND,li1,70.8400,10.8800,0.000006
FILLER_0_0_139,VGND,li1,69.6900,10.8800,0.000006
FILLER_0_0_132,VGND,li1,67.1600,10.8800,0.000006
FILLER_0_0_127,VGND,li1,64.4000,10.8800,0.000006
FILLER_0_0_119,VGND,li1,62.1000,10.8800,0.000006
FILLER_0_0_113,VGND,li1,57.9600,10.8800,0.000005
FILLER_0_0_111,VGND,li1,56.8100,10.8800,0.000005
FILLER_0_0_104,VGND,li1,54.2800,10.8800,0.000005
FILLER_0_0_97,VGND,li1,51.0600,10.8800,0.000005
FILLER_0_0_90,VGND,li1,47.8400,10.8800,0.000005
FILLER_0_0_85,VGND,li1,45.0800,10.8800,0.000004
FILLER_0_0_83,VGND,li1,43.9300,10.8800,0.000004
FILLER_0_0_76,VGND,li1,41.4000,10.8800,0.000004
FILLER_0_0_69,VGND,li1,38.1800,10.8800,0.000003
FILLER_0_0_62,VGND,li1,34.9600,10.8800,0.000003
FILLER_0_0_57,VGND,li1,32.2000,10.8800,0.000002
FILLER_0_0_53,VGND,li1,30.5900,10.8800,0.000002
FILLER_0_0_41,VGND,li1,27.1400,10.8800,0.000002
FILLER_0_0_29,VGND,li1,21.6200,10.8800,0.000002
FILLER_0_0_27,VGND,li1,18.1700,10.8800,0.000002
FILLER_0_0_15,VGND,li1,15.1800,10.8800,0.000002
FILLER_0_0_3,VGND,li1,9.6600,10.8800,0.000002
output65,VGND,li1,59.3400,10.8800,0.000006
input64,VGND,li1,116.1500,43.5200,0.000004
input63,VGND,li1,116.1500,48.9600,0.000003
input62,VGND,li1,84.8700,92.4800,0.000008
input61,VGND,li1,81.6500,92.4800,0.000008
input60,VGND,li1,75.2100,92.4800,0.000007
input59,VGND,li1,68.7700,92.4800,0.000007
input58,VGND,li1,116.1500,65.2800,0.000004
input57,VGND,li1,7.5900,65.2800,0.000002
input56,VGND,li1,7.5900,81.6000,0.000002
input55,VGND,li1,116.1500,65.2800,0.000004
input54,VGND,li1,7.5900,70.7200,0.000003
input53,VGND,li1,7.5900,81.6000,0.000002
input52,VGND,li1,7.5900,54.4000,0.000001
input51,VGND,li1,7.5900,54.4000,0.000001
input50,VGND,li1,7.5900,38.0800,0.000005
input49,VGND,li1,7.5900,43.5200,0.000002
input48,VGND,li1,43.0100,10.8800,0.000004
input47,VGND,li1,39.7900,10.8800,0.000004
input46,VGND,li1,49.4500,10.8800,0.000005
input45,VGND,li1,46.2300,10.8800,0.000004
input44,VGND,li1,116.1500,59.8400,0.000001
input43,VGND,li1,59.1100,92.4800,0.000006
input42,VGND,li1,55.8900,92.4800,0.000006
input41,VGND,li1,49.4500,92.4800,0.000005
input40,VGND,li1,7.5900,65.2800,0.000002
input39,VGND,li1,116.1500,27.2000,0.000010
input38,VGND,li1,116.1500,38.0800,0.000015
input37,VGND,li1,116.1500,21.7600,0.000005
input36,VGND,li1,116.1500,43.5200,0.000004
input35,VGND,li1,68.7700,10.8800,0.000006
input34,VGND,li1,71.9900,10.8800,0.000006
input33,VGND,li1,116.1500,54.4000,0.000001
input32,VGND,li1,116.1500,54.4000,0.000001
input31,VGND,li1,78.4300,10.8800,0.000006
input30,VGND,li1,78.4300,92.4800,0.000007
input29,VGND,li1,88.0900,92.4800,0.000008
input28,VGND,li1,71.9900,92.4800,0.000007
input27,VGND,li1,65.5500,92.4800,0.000007
input26,VGND,li1,116.1500,70.7200,0.000013
input25,VGND,li1,7.5900,70.7200,0.000003
input24,VGND,li1,7.5900,76.1600,0.000002
input23,VGND,li1,116.1500,70.7200,0.000013
input22,VGND,li1,7.5900,87.0400,0.000002
input21,VGND,li1,7.5900,92.4800,0.000002
input20,VGND,li1,7.5900,48.9600,0.000003
input19,VGND,li1,7.5900,43.5200,0.000002
input18,VGND,li1,7.5900,38.0800,0.000005
input17,VGND,li1,7.5900,27.2000,0.000001
input16,VGND,li1,36.5700,10.8800,0.000003
input15,VGND,li1,33.3500,10.8800,0.000003
input14,VGND,li1,52.6700,10.8800,0.000005
input13,VGND,li1,55.8900,10.8800,0.000005
input12,VGND,li1,116.1500,76.1600,0.000003
input11,VGND,li1,52.6700,92.4800,0.000005
input10,VGND,li1,46.2300,92.4800,0.000005
input9,VGND,li1,43.0100,92.4800,0.000004
input8,VGND,li1,7.5900,59.8400,0.000001
input7,VGND,li1,116.1500,32.6400,0.000013
input6,VGND,li1,116.1500,38.0800,0.000015
input5,VGND,li1,116.1500,27.2000,0.000010
input4,VGND,li1,116.1500,16.3200,0.000006
input3,VGND,li1,65.5500,10.8800,0.000006
input2,VGND,li1,75.2100,10.8800,0.000006
input1,VGND,li1,116.1500,81.6000,0.000006
TAP_TAPCELL_ROW_30_193,VGND,li1,108.7900,92.7710,0.000008
TAP_TAPCELL_ROW_30_192,VGND,li1,95.9100,92.7710,0.000008
TAP_TAPCELL_ROW_30_191,VGND,li1,83.0300,92.7710,0.000008
TAP_TAPCELL_ROW_30_190,VGND,li1,70.1500,92.7710,0.000007
TAP_TAPCELL_ROW_30_189,VGND,li1,57.2700,92.7710,0.000006
TAP_TAPCELL_ROW_30_188,VGND,li1,44.3900,92.7710,0.000004
TAP_TAPCELL_ROW_30_187,VGND,li1,31.5100,92.7710,0.000002
TAP_TAPCELL_ROW_30_186,VGND,li1,18.6300,92.7710,0.000002
TAP_TAPCELL_ROW_29_185,VGND,li1,108.7900,92.1880,0.000008
TAP_TAPCELL_ROW_29_184,VGND,li1,83.0300,92.1880,0.000008
TAP_TAPCELL_ROW_29_183,VGND,li1,57.2700,92.1880,0.000006
TAP_TAPCELL_ROW_29_182,VGND,li1,31.5100,92.1880,0.000002
TAP_TAPCELL_ROW_28_181,VGND,li1,95.9100,87.3310,0.000010
TAP_TAPCELL_ROW_28_180,VGND,li1,70.1500,87.3310,0.000009
TAP_TAPCELL_ROW_28_179,VGND,li1,44.3900,87.3310,0.000005
TAP_TAPCELL_ROW_28_178,VGND,li1,18.6300,87.3310,0.000002
TAP_TAPCELL_ROW_27_177,VGND,li1,108.7900,86.7480,0.000010
TAP_TAPCELL_ROW_27_176,VGND,li1,83.0300,86.7480,0.000010
TAP_TAPCELL_ROW_27_175,VGND,li1,57.2700,86.7480,0.000007
TAP_TAPCELL_ROW_27_174,VGND,li1,31.5100,86.7480,0.000003
TAP_TAPCELL_ROW_26_173,VGND,li1,95.9100,81.8910,0.000006
TAP_TAPCELL_ROW_26_172,VGND,li1,70.1500,81.8910,0.000005
TAP_TAPCELL_ROW_26_171,VGND,li1,44.3900,81.8910,0.000004
TAP_TAPCELL_ROW_26_170,VGND,li1,18.6300,81.8910,0.000002
TAP_TAPCELL_ROW_25_169,VGND,li1,108.7900,81.3080,0.000006
TAP_TAPCELL_ROW_25_168,VGND,li1,83.0300,81.3080,0.000006
TAP_TAPCELL_ROW_25_167,VGND,li1,57.2700,81.3080,0.000005
TAP_TAPCELL_ROW_25_166,VGND,li1,31.5100,81.3080,0.000002
TAP_TAPCELL_ROW_24_165,VGND,li1,95.9100,76.4510,0.000003
TAP_TAPCELL_ROW_24_164,VGND,li1,70.1500,76.4510,0.000002
TAP_TAPCELL_ROW_24_163,VGND,li1,44.3900,76.4510,0.000002
TAP_TAPCELL_ROW_24_162,VGND,li1,18.6300,76.4510,0.000002
TAP_TAPCELL_ROW_23_161,VGND,li1,108.7900,75.8680,0.000003
TAP_TAPCELL_ROW_23_160,VGND,li1,83.0300,75.8680,0.000002
TAP_TAPCELL_ROW_23_159,VGND,li1,57.2700,75.8680,0.000002
TAP_TAPCELL_ROW_23_158,VGND,li1,31.5100,75.8680,0.000002
TAP_TAPCELL_ROW_22_157,VGND,li1,95.9100,71.0110,0.000012
TAP_TAPCELL_ROW_22_156,VGND,li1,70.1500,71.0110,0.000008
TAP_TAPCELL_ROW_22_155,VGND,li1,44.3900,71.0110,0.000005
TAP_TAPCELL_ROW_22_154,VGND,li1,18.6300,71.0110,0.000003
TAP_TAPCELL_ROW_21_153,VGND,li1,108.7900,70.4280,0.000013
TAP_TAPCELL_ROW_21_152,VGND,li1,83.0300,70.4280,0.000010
TAP_TAPCELL_ROW_21_151,VGND,li1,57.2700,70.4280,0.000007
TAP_TAPCELL_ROW_21_150,VGND,li1,31.5100,70.4280,0.000003
TAP_TAPCELL_ROW_20_149,VGND,li1,95.9100,65.5710,0.000004
TAP_TAPCELL_ROW_20_148,VGND,li1,70.1500,65.5710,0.000003
TAP_TAPCELL_ROW_20_147,VGND,li1,44.3900,65.5710,0.000002
TAP_TAPCELL_ROW_20_146,VGND,li1,18.6300,65.5710,0.000001
TAP_TAPCELL_ROW_19_145,VGND,li1,108.7900,64.9880,0.000004
TAP_TAPCELL_ROW_19_144,VGND,li1,83.0300,64.9880,0.000003
TAP_TAPCELL_ROW_19_143,VGND,li1,57.2700,64.9880,0.000002
TAP_TAPCELL_ROW_19_142,VGND,li1,31.5100,64.9880,0.000001
TAP_TAPCELL_ROW_18_141,VGND,li1,95.9100,60.1310,0.000001
TAP_TAPCELL_ROW_18_140,VGND,li1,70.1500,60.1310,0.000001
TAP_TAPCELL_ROW_18_139,VGND,li1,44.3900,60.1310,0.000000
TAP_TAPCELL_ROW_18_138,VGND,li1,18.6300,60.1310,0.000000
TAP_TAPCELL_ROW_17_137,VGND,li1,108.7900,59.5480,0.000001
TAP_TAPCELL_ROW_17_136,VGND,li1,83.0300,59.5480,0.000001
TAP_TAPCELL_ROW_17_135,VGND,li1,57.2700,59.5480,0.000001
TAP_TAPCELL_ROW_17_134,VGND,li1,31.5100,59.5480,0.000000
TAP_TAPCELL_ROW_16_133,VGND,li1,95.9100,54.6910,0.000001
TAP_TAPCELL_ROW_16_132,VGND,li1,70.1500,54.6910,0.000001
TAP_TAPCELL_ROW_16_131,VGND,li1,44.3900,54.6910,0.000000
TAP_TAPCELL_ROW_16_130,VGND,li1,18.6300,54.6910,0.000000
TAP_TAPCELL_ROW_15_129,VGND,li1,108.7900,54.1080,0.000001
TAP_TAPCELL_ROW_15_128,VGND,li1,83.0300,54.1080,0.000001
TAP_TAPCELL_ROW_15_127,VGND,li1,57.2700,54.1080,0.000001
TAP_TAPCELL_ROW_15_126,VGND,li1,31.5100,54.1080,0.000000
TAP_TAPCELL_ROW_14_125,VGND,li1,95.9100,49.2510,0.000003
TAP_TAPCELL_ROW_14_124,VGND,li1,70.1500,49.2510,0.000002
TAP_TAPCELL_ROW_14_123,VGND,li1,44.3900,49.2510,0.000002
TAP_TAPCELL_ROW_14_122,VGND,li1,18.6300,49.2510,0.000002
TAP_TAPCELL_ROW_13_121,VGND,li1,108.7900,48.6680,0.000003
TAP_TAPCELL_ROW_13_120,VGND,li1,83.0300,48.6680,0.000003
TAP_TAPCELL_ROW_13_119,VGND,li1,57.2700,48.6680,0.000002
TAP_TAPCELL_ROW_13_118,VGND,li1,31.5100,48.6680,0.000002
TAP_TAPCELL_ROW_12_117,VGND,li1,95.9100,43.8110,0.000004
TAP_TAPCELL_ROW_12_116,VGND,li1,70.1500,43.8110,0.000003
TAP_TAPCELL_ROW_12_115,VGND,li1,44.3900,43.8110,0.000002
TAP_TAPCELL_ROW_12_114,VGND,li1,18.6300,43.8110,0.000002
TAP_TAPCELL_ROW_11_113,VGND,li1,108.7900,43.2280,0.000004
TAP_TAPCELL_ROW_11_112,VGND,li1,83.0300,43.2280,0.000003
TAP_TAPCELL_ROW_11_111,VGND,li1,57.2700,43.2280,0.000003
TAP_TAPCELL_ROW_11_110,VGND,li1,31.5100,43.2280,0.000002
TAP_TAPCELL_ROW_10_109,VGND,li1,95.9100,38.3710,0.000014
TAP_TAPCELL_ROW_10_108,VGND,li1,70.1500,38.3710,0.000013
TAP_TAPCELL_ROW_10_107,VGND,li1,44.3900,38.3710,0.000010
TAP_TAPCELL_ROW_10_106,VGND,li1,18.6300,38.3710,0.000004
TAP_TAPCELL_ROW_9_105,VGND,li1,108.7900,37.7880,0.000015
TAP_TAPCELL_ROW_9_104,VGND,li1,83.0300,37.7880,0.000014
TAP_TAPCELL_ROW_9_103,VGND,li1,57.2700,37.7880,0.000011
TAP_TAPCELL_ROW_9_102,VGND,li1,31.5100,37.7880,0.000007
TAP_TAPCELL_ROW_8_101,VGND,li1,95.9100,32.9310,0.000012
TAP_TAPCELL_ROW_8_100,VGND,li1,70.1500,32.9310,0.000009
TAP_TAPCELL_ROW_8_99,VGND,li1,44.3900,32.9310,0.000005
TAP_TAPCELL_ROW_8_98,VGND,li1,18.6300,32.9310,0.000002
TAP_TAPCELL_ROW_7_97,VGND,li1,108.7900,32.3480,0.000013
TAP_TAPCELL_ROW_7_96,VGND,li1,83.0300,32.3480,0.000011
TAP_TAPCELL_ROW_7_95,VGND,li1,57.2700,32.3480,0.000007
TAP_TAPCELL_ROW_7_94,VGND,li1,31.5100,32.3480,0.000002
TAP_TAPCELL_ROW_6_93,VGND,li1,95.9100,27.4910,0.000009
TAP_TAPCELL_ROW_6_92,VGND,li1,70.1500,27.4910,0.000006
TAP_TAPCELL_ROW_6_91,VGND,li1,44.3900,27.4910,0.000003
TAP_TAPCELL_ROW_6_90,VGND,li1,18.6300,27.4910,0.000001
TAP_TAPCELL_ROW_5_89,VGND,li1,108.7900,26.9080,0.000010
TAP_TAPCELL_ROW_5_88,VGND,li1,83.0300,26.9080,0.000008
TAP_TAPCELL_ROW_5_87,VGND,li1,57.2700,26.9080,0.000005
TAP_TAPCELL_ROW_5_86,VGND,li1,31.5100,26.9080,0.000002
TAP_TAPCELL_ROW_4_85,VGND,li1,95.9100,22.0510,0.000005
TAP_TAPCELL_ROW_4_84,VGND,li1,70.1500,22.0510,0.000004
TAP_TAPCELL_ROW_4_83,VGND,li1,44.3900,22.0510,0.000003
TAP_TAPCELL_ROW_4_82,VGND,li1,18.6300,22.0510,0.000001
TAP_TAPCELL_ROW_3_81,VGND,li1,108.7900,21.4680,0.000005
TAP_TAPCELL_ROW_3_80,VGND,li1,83.0300,21.4680,0.000005
TAP_TAPCELL_ROW_3_79,VGND,li1,57.2700,21.4680,0.000003
TAP_TAPCELL_ROW_3_78,VGND,li1,31.5100,21.4680,0.000002
TAP_TAPCELL_ROW_2_77,VGND,li1,95.9100,16.6110,0.000005
TAP_TAPCELL_ROW_2_76,VGND,li1,70.1500,16.6110,0.000005
TAP_TAPCELL_ROW_2_75,VGND,li1,44.3900,16.6110,0.000003
TAP_TAPCELL_ROW_2_74,VGND,li1,18.6300,16.6110,0.000001
TAP_TAPCELL_ROW_1_73,VGND,li1,108.7900,16.0280,0.000006
TAP_TAPCELL_ROW_1_72,VGND,li1,83.0300,16.0280,0.000005
TAP_TAPCELL_ROW_1_71,VGND,li1,57.2700,16.0280,0.000004
TAP_TAPCELL_ROW_1_70,VGND,li1,31.5100,16.0280,0.000002
TAP_TAPCELL_ROW_0_69,VGND,li1,108.7900,11.1710,0.000006
TAP_TAPCELL_ROW_0_68,VGND,li1,95.9100,11.1710,0.000006
TAP_TAPCELL_ROW_0_67,VGND,li1,83.0300,11.1710,0.000006
TAP_TAPCELL_ROW_0_66,VGND,li1,70.1500,11.1710,0.000006
TAP_TAPCELL_ROW_0_65,VGND,li1,57.2700,11.1710,0.000005
TAP_TAPCELL_ROW_0_64,VGND,li1,44.3900,11.1710,0.000004
TAP_TAPCELL_ROW_0_63,VGND,li1,31.5100,11.1710,0.000002
TAP_TAPCELL_ROW_0_62,VGND,li1,18.6300,11.1710,0.000002
PHY_EDGE_ROW_30_Left_61,VGND,li1,6.2100,92.4800,0.000002
PHY_EDGE_ROW_29_Left_60,VGND,li1,6.2100,92.4800,0.000002
PHY_EDGE_ROW_28_Left_59,VGND,li1,6.2100,87.0400,0.000002
PHY_EDGE_ROW_27_Left_58,VGND,li1,6.2100,87.0400,0.000002
PHY_EDGE_ROW_26_Left_57,VGND,li1,6.2100,81.6000,0.000002
PHY_EDGE_ROW_25_Left_56,VGND,li1,6.2100,81.6000,0.000002
PHY_EDGE_ROW_24_Left_55,VGND,li1,6.2100,76.1600,0.000002
PHY_EDGE_ROW_23_Left_54,VGND,li1,6.2100,76.1600,0.000002
PHY_EDGE_ROW_22_Left_53,VGND,li1,6.2100,70.7200,0.000003
PHY_EDGE_ROW_21_Left_52,VGND,li1,6.2100,70.7200,0.000003
PHY_EDGE_ROW_20_Left_51,VGND,li1,6.2100,65.2800,0.000002
PHY_EDGE_ROW_19_Left_50,VGND,li1,6.2100,65.2800,0.000002
PHY_EDGE_ROW_18_Left_49,VGND,li1,6.2100,59.8400,0.000001
PHY_EDGE_ROW_17_Left_48,VGND,li1,6.2100,59.8400,0.000001
PHY_EDGE_ROW_16_Left_47,VGND,li1,6.2100,54.4000,0.000001
PHY_EDGE_ROW_15_Left_46,VGND,li1,6.2100,54.4000,0.000001
PHY_EDGE_ROW_14_Left_45,VGND,li1,6.2100,48.9600,0.000003
PHY_EDGE_ROW_13_Left_44,VGND,li1,6.2100,48.9600,0.000003
PHY_EDGE_ROW_12_Left_43,VGND,li1,6.2100,43.5200,0.000002
PHY_EDGE_ROW_11_Left_42,VGND,li1,6.2100,43.5200,0.000002
PHY_EDGE_ROW_10_Left_41,VGND,li1,6.2100,38.0800,0.000005
PHY_EDGE_ROW_9_Left_40,VGND,li1,6.2100,38.0800,0.000005
PHY_EDGE_ROW_8_Left_39,VGND,li1,6.2100,32.6400,0.000002
PHY_EDGE_ROW_7_Left_38,VGND,li1,6.2100,32.6400,0.000002
PHY_EDGE_ROW_6_Left_37,VGND,li1,6.2100,27.2000,0.000001
PHY_EDGE_ROW_5_Left_36,VGND,li1,6.2100,27.2000,0.000001
PHY_EDGE_ROW_4_Left_35,VGND,li1,6.2100,21.7600,0.000001
PHY_EDGE_ROW_3_Left_34,VGND,li1,6.2100,21.7600,0.000001
PHY_EDGE_ROW_2_Left_33,VGND,li1,6.2100,16.3200,0.000001
PHY_EDGE_ROW_1_Left_32,VGND,li1,6.2100,16.3200,0.000001
PHY_EDGE_ROW_0_Left_31,VGND,li1,6.2100,10.8800,0.000002
PHY_EDGE_ROW_30_Right_30,VGND,li1,117.5300,92.4800,0.000008
PHY_EDGE_ROW_29_Right_29,VGND,li1,117.5300,92.4800,0.000008
PHY_EDGE_ROW_28_Right_28,VGND,li1,117.5300,87.0400,0.000010
PHY_EDGE_ROW_27_Right_27,VGND,li1,117.5300,87.0400,0.000010
PHY_EDGE_ROW_26_Right_26,VGND,li1,117.5300,81.6000,0.000006
PHY_EDGE_ROW_25_Right_25,VGND,li1,117.5300,81.6000,0.000006
PHY_EDGE_ROW_24_Right_24,VGND,li1,117.5300,76.1600,0.000003
PHY_EDGE_ROW_23_Right_23,VGND,li1,117.5300,76.1600,0.000003
PHY_EDGE_ROW_22_Right_22,VGND,li1,117.5300,70.7200,0.000013
PHY_EDGE_ROW_21_Right_21,VGND,li1,117.5300,70.7200,0.000013
PHY_EDGE_ROW_20_Right_20,VGND,li1,117.5300,65.2800,0.000004
PHY_EDGE_ROW_19_Right_19,VGND,li1,117.5300,65.2800,0.000004
PHY_EDGE_ROW_18_Right_18,VGND,li1,117.5300,59.8400,0.000001
PHY_EDGE_ROW_17_Right_17,VGND,li1,117.5300,59.8400,0.000001
PHY_EDGE_ROW_16_Right_16,VGND,li1,117.5300,54.4000,0.000001
PHY_EDGE_ROW_15_Right_15,VGND,li1,117.5300,54.4000,0.000001
PHY_EDGE_ROW_14_Right_14,VGND,li1,117.5300,48.9600,0.000003
PHY_EDGE_ROW_13_Right_13,VGND,li1,117.5300,48.9600,0.000003
PHY_EDGE_ROW_12_Right_12,VGND,li1,117.5300,43.5200,0.000004
PHY_EDGE_ROW_11_Right_11,VGND,li1,117.5300,43.5200,0.000004
PHY_EDGE_ROW_10_Right_10,VGND,li1,117.5300,38.0800,0.000015
PHY_EDGE_ROW_9_Right_9,VGND,li1,117.5300,38.0800,0.000015
PHY_EDGE_ROW_8_Right_8,VGND,li1,117.5300,32.6400,0.000013
PHY_EDGE_ROW_7_Right_7,VGND,li1,117.5300,32.6400,0.000013
PHY_EDGE_ROW_6_Right_6,VGND,li1,117.5300,27.2000,0.000010
PHY_EDGE_ROW_5_Right_5,VGND,li1,117.5300,27.2000,0.000010
PHY_EDGE_ROW_4_Right_4,VGND,li1,117.5300,21.7600,0.000005
PHY_EDGE_ROW_3_Right_3,VGND,li1,117.5300,21.7600,0.000005
PHY_EDGE_ROW_2_Right_2,VGND,li1,117.5300,16.3200,0.000006
PHY_EDGE_ROW_1_Right_1,VGND,li1,117.5300,16.3200,0.000006
PHY_EDGE_ROW_0_Right_0,VGND,li1,117.5300,10.8800,0.000006
_228_,VGND,li1,37.7200,38.0800,0.000009
_227_,VGND,li1,37.4900,43.5200,0.000002
_226_,VGND,li1,34.5000,43.5200,0.000002
_225_,VGND,li1,28.9800,43.5200,0.000002
_224_,VGND,li1,38.1800,21.7600,0.000002
_223_,VGND,li1,22.5400,48.9600,0.000002
_222_,VGND,li1,20.4700,43.5200,0.000002
_221_,VGND,li1,16.5600,48.9600,0.000002
_220_,VGND,li1,17.7100,70.7200,0.000003
_219_,VGND,li1,81.8800,38.0800,0.000014
_218_,VGND,li1,87.8600,32.6400,0.000011
_217_,VGND,li1,105.5700,27.2000,0.000010
_216_,VGND,li1,106.2600,32.6400,0.000013
_215_,VGND,li1,84.8700,32.6400,0.000011
_214_,VGND,li1,79.5800,21.7600,0.000005
_213_,VGND,li1,81.4200,81.6000,0.000006
_212_,VGND,li1,76.5900,87.0400,0.000010
_211_,VGND,li1,104.8800,70.7200,0.000013
_210_,VGND,li1,107.1800,70.7200,0.000013
_209_,VGND,li1,112.7000,70.7200,0.000013
_208_,VGND,li1,102.5800,70.7200,0.000013
_207_,VGND,li1,80.2700,87.0400,0.000010
_206_,VGND,li1,84.8700,87.0400,0.000010
_205_,VGND,li1,81.4200,87.0400,0.000010
_204_,VGND,li1,81.6500,38.0800,0.000014
_203_,VGND,li1,85.5600,38.0800,0.000014
_202_,VGND,li1,89.0100,38.0800,0.000014
_201_,VGND,li1,87.4000,38.0800,0.000014
_200_,VGND,li1,76.5900,21.7600,0.000004
_199_,VGND,li1,78.4300,16.3200,0.000005
_198_,VGND,li1,71.5300,16.3200,0.000005
_197_,VGND,li1,89.9300,38.0800,0.000014
_196_,VGND,li1,76.1300,16.3200,0.000005
_195_,VGND,li1,73.8300,16.3200,0.000005
_194_,VGND,li1,105.1100,32.6400,0.000013
_193_,VGND,li1,108.7900,27.2000,0.000010
_192_,VGND,li1,107.1800,27.2000,0.000010
_191_,VGND,li1,110.6300,32.6400,0.000013
_190_,VGND,li1,111.0900,32.6400,0.000013
_189_,VGND,li1,111.5500,27.2000,0.000010
_188_,VGND,li1,110.1700,27.2000,0.000010
_187_,VGND,li1,108.7900,32.6400,0.000013
_186_,VGND,li1,113.3900,32.6400,0.000013
_185_,VGND,li1,77.9700,87.0400,0.000010
_184_,VGND,li1,82.5700,87.0400,0.000010
_183_,VGND,li1,84.4100,92.4800,0.000008
_182_,VGND,li1,75.6700,87.0400,0.000010
_181_,VGND,li1,108.1000,65.2800,0.000004
_180_,VGND,li1,104.6500,70.7200,0.000013
_179_,VGND,li1,110.1700,70.7200,0.000013
_178_,VGND,li1,110.4000,70.7200,0.000013
_177_,VGND,li1,107.8700,70.7200,0.000013
_176_,VGND,li1,110.6300,65.2800,0.000004
_175_,VGND,li1,72.9100,87.0400,0.000009
_174_,VGND,li1,87.1700,87.0400,0.000010
_173_,VGND,li1,84.8700,87.0400,0.000010
_172_,VGND,li1,39.5600,76.1600,0.000002
_171_,VGND,li1,37.0300,76.1600,0.000002
_170_,VGND,li1,40.9400,81.6000,0.000004
_169_,VGND,li1,37.4900,81.6000,0.000003
_168_,VGND,li1,41.1700,81.6000,0.000004
_167_,VGND,li1,46.2300,81.6000,0.000004
_166_,VGND,li1,47.1500,87.0400,0.000006
_165_,VGND,li1,49.9100,87.0400,0.000006
_164_,VGND,li1,47.1500,87.0400,0.000006
_163_,VGND,li1,33.8100,43.5200,0.000002
_162_,VGND,li1,41.8600,21.7600,0.000003
_161_,VGND,li1,46.2300,16.3200,0.000004
_160_,VGND,li1,46.2300,16.3200,0.000004
_159_,VGND,li1,40.0200,16.3200,0.000003
_158_,VGND,li1,34.5000,16.3200,0.000002
_157_,VGND,li1,48.9900,16.3200,0.000004
_156_,VGND,li1,42.7800,16.3200,0.000003
_155_,VGND,li1,39.3300,21.7600,0.000002
_154_,VGND,li1,37.2600,16.3200,0.000003
_153_,VGND,li1,37.2600,16.3200,0.000003
_152_,VGND,li1,31.5100,43.5200,0.000002
_151_,VGND,li1,20.9300,43.5200,0.000002
_150_,VGND,li1,19.7800,38.0800,0.000004
_149_,VGND,li1,12.6500,38.0800,0.000004
_148_,VGND,li1,15.4100,38.0800,0.000004
_147_,VGND,li1,20.9300,48.9600,0.000002
_146_,VGND,li1,15.6400,54.4000,0.000000
_145_,VGND,li1,18.1700,54.4000,0.000000
_144_,VGND,li1,18.6300,48.9600,0.000002
_143_,VGND,li1,12.4200,48.9600,0.000003
_142_,VGND,li1,15.1800,48.9600,0.000002
_141_,VGND,li1,20.7000,65.2800,0.000001
_140_,VGND,li1,12.4200,76.1600,0.000002
_139_,VGND,li1,20.4700,70.7200,0.000003
_138_,VGND,li1,15.4100,76.1600,0.000002
_137_,VGND,li1,16.3300,70.7200,0.000003
_136_,VGND,li1,21.1600,76.1600,0.000002
_135_,VGND,li1,15.1800,76.1600,0.000002
_134_,VGND,li1,14.2600,70.7200,0.000003
_133_,VGND,li1,18.4000,76.1600,0.000002
_132_,VGND,li1,114.3100,70.7200,0.000013
_131_,VGND,li1,67.8500,87.0400,0.000009
_130_,VGND,li1,72.4500,87.0400,0.000009
_129_,VGND,li1,81.1900,27.2000,0.000008
_128_,VGND,li1,96.8300,43.5200,0.000004
_127_,VGND,li1,108.3300,21.7600,0.000005
_126_,VGND,li1,112.0100,27.2000,0.000010
_125_,VGND,li1,30.5900,70.7200,0.000003
_124_,VGND,li1,43.4700,87.0400,0.000005
_123_,VGND,li1,51.7500,87.0400,0.000006
_122_,VGND,li1,53.5900,87.0400,0.000007
_121_,VGND,li1,45.7700,21.7600,0.000003
_120_,VGND,li1,50.8300,16.3200,0.000004
_119_,VGND,li1,15.4100,32.6400,0.000002
_118_,VGND,li1,15.4100,38.0800,0.000004
_117_,VGND,li1,14.4900,48.9600,0.000002
_116_,VGND,li1,19.5500,76.1600,0.000002
_115_,VGND,li1,17.2500,76.1600,0.000002
_114_,VGND,li1,15.4100,65.2800,0.000001
